market,event_phase,inclusion,n_event_windows,avg_window_obs,avg_turnover,avg_volume
CN,announce,1,3,123,0.029091472247733622,15567170.069652794
CN,effective,1,3,123,0.029204991050237855,15692763.105360417
US,announce,1,3,123,0.0292978155191892,15725296.266481241
US,effective,1,3,123,0.029607335356888517,15665136.275955334
