market,covariate,treated_mean,control_mean,treated_std,control_std,pooled_std,smd,balanced,n_treated,n_control
CN,mkt_cap_log,24.588260884686203,24.715432091773128,0.7588792724722453,0.5107455317263144,0.6468225213945475,-0.19660912055557903,True,274,822
CN,pre_event_return,0.034815076730446474,0.026523253549227743,0.13217799026331753,0.09053611667424884,0.11328682521039872,0.07319318169450842,True,274,822
CN,pre_event_volatility,0.024832520036140317,0.023389198734411424,0.011005789103752692,0.009067235274945882,0.0100832075582997,0.1431410881293289,True,274,822
US,mkt_cap_log,23.135586537755398,23.135836561763096,1.076165949066753,0.6998986861970776,0.9077420671289671,-0.0002754350786993275,True,349,1047
US,pre_event_return,0.023661897341785053,0.008493222701094413,0.12069781304880431,0.10791875940603309,0.11448672566394187,0.1324928680833789,True,349,1047
US,pre_event_volatility,0.023439487240752174,0.02210973582353468,0.01863423809970972,0.013207433128731818,0.01615040432011837,0.08233548775995893,True,349,1047
