n_obs,bandwidth,bin_size,log_density_diff,std_error,z_stat,p_value
340,0.051830844056914405,0.010366168811382881,0.33647223662121273,0.4367614220021411,0.7703799366684068,0.4410745512081333
