outcome,bandwidth,n_obs,n_left,n_right,tau,std_error,t_stat,p_value,r_squared,intercept,running_slope,interaction_slope,spec,spec_kind,donut_radius,cutoff_shift,polynomial_order
car_m1_p1,0.060000000000002274,148,46,102,0.029583570362913526,0.017722478931462494,1.6692681919567236,0.09506424101402249,0.0205118301368562,-0.0008839520648723175,-0.43698056784588146,0.15486535613308283,main · 局部线性,main,,,
car_m1_p1,0.060000000000002274,124,36,88,0.03837274967797401,0.027636599925971776,1.3884757814188577,0.16499221448493417,0.02298232944298384,-0.0005966781410890591,-0.4302964715994407,-0.047172866114935263,donut(±0.01),donut,0.01,,
car_m1_p1,0.060000000000002274,84,34,50,-0.006343082915263088,0.02170866378909373,-0.2921913102016811,0.7701403553329035,0.014015694772036569,0.008808378324435184,-0.28728969415029243,0.5175842051285784,placebo cutoff -0.05,placebo,,-0.05,
car_m1_p1,0.060000000000002274,174,78,96,-0.019997327372424448,0.012734492550391155,-1.5703277765716865,0.11633887529721747,0.013358531519545358,0.027749304109583636,0.2777131506846735,-0.12245923829791158,placebo cutoff +0.05,placebo,,0.05,
car_m1_p1,0.060000000000002274,148,46,102,-0.002497846218471723,0.03271266702790869,-0.07635715597082607,0.9391349546308947,0.029142711405094945,,,,polynomial order=2,polynomial,,,2.0
