market,event_phase,period,car_mean,car_se,n_events
CN,announce,post,0.014039932786169065,0.00443033707383302,443
CN,effective,post,0.005517477602518643,0.005147146575431823,443
US,announce,post,0.01261426195322681,0.00447219547594199,1265
US,effective,post,-0.0007198528827936113,0.003875550948189199,1267
