market,covariate,treated_mean,control_mean,treated_std,control_std,pooled_std,smd,balanced,n_treated,n_control
CN,mkt_cap_log,24.639567939843747,24.755910064016987,0.7768241203200308,0.5119962011506596,0.6578737811707107,-0.1768456617410789,True,234,702
CN,pre_event_return,0.04485347289002542,0.02719271732687547,0.13355444432919938,0.07766415892323644,0.10924401855784815,0.16166336423991967,True,234,702
CN,pre_event_volatility,0.02465488480266044,0.023095467197164925,0.01111235666557945,0.00833676248007824,0.009823087073631392,0.15875025781676502,True,234,702
US,mkt_cap_log,23.14527024158213,23.144867902990647,1.0874530155769846,0.706844644562113,0.9171105202301458,0.0004387024056602741,True,348,1044
US,pre_event_return,0.023167228533120466,0.00857127424793235,0.12088266649616952,0.10554428008063349,0.11347293535676987,0.12862938849071828,True,348,1044
US,pre_event_volatility,0.02345144042789362,0.02188441669194052,0.01864929875365774,0.012571567807711336,0.01590346913643473,0.09853345345658333,True,348,1044
