outcome,bandwidth,n_obs,n_left,n_right,tau,std_error,t_stat,p_value,r_squared,intercept,running_slope,interaction_slope
car_m1_p1,0.060000000000002274,118,42,76,0.0400848841333917,0.01999843969223858,2.004400580758743,0.04502716716410528,0.03908677127501303,-0.01581380177656914,-0.727792405616476,0.4985609928618931
car_m3_p3,0.060000000000002274,118,42,76,0.03363506494140929,0.024056562146956974,1.3981659031718272,0.16206325324042425,0.03295610339498256,-0.032432754119025554,-1.0773507461922989,1.145426408536835
turnover_change,0.060000000000002274,118,42,76,0.002156685592058038,0.001153989055996604,1.8688960530873395,0.061637277552724246,0.059996811766407254,-0.0008323088528571195,-0.02495829169507001,0.03030933034026144
volume_change,0.060000000000002274,118,42,76,0.31846993554243364,0.15186200343325568,2.0971008438091836,0.03598464931612641,0.0801424576786659,-0.046442167001069234,-1.8166836303578797,-0.03296899607039977
