market,event_phase,n_additions,n_deletions,addition_car_m1_p1,deletion_car_m1_p1,asymmetry_car_m1_p1,addition_turnover_change,deletion_turnover_change,addition_volume_change,deletion_volume_change,addition_car_p0_p120,deletion_car_p0_p120,asymmetry_car_p0_p120
CN,announce,118,121,0.017470107040446544,-0.005671668126258423,0.023141775166704966,0.00027629986711866,-0.0007472756402458758,0.06028541096952985,-0.025053000632323193,0.0154970316169829,0.08252334898743881,-0.0670263173704559
CN,effective,118,121,0.004162042053539398,0.003076741373546553,0.001085300679992845,0.000967840125937708,0.0024830120467381053,0.08992107995451802,0.12378571612618355,-0.001805387593112186,0.0905956836932126,-0.09240107128632478
US,announce,318,293,0.014716708928345926,0.00020012698639228482,0.01451658194195364,0.028861114228256744,0.02500488286283717,1.4946898341223513,0.43953943781965576,0.015909392739942078,0.021488546684028772,-0.005579153944086694
US,effective,318,293,-0.0011532033037981789,-0.0025069686818520336,0.0013537653780538548,-0.02401244114215883,-0.04318854315705464,-0.5663241842651392,-1.060571841040787,0.00330409545953639,0.02083233877560448,-0.017528243316068087
