market,event_phase,n_additions,n_deletions,addition_car_m1_p1,deletion_car_m1_p1,asymmetry_car_m1_p1,addition_turnover_change,deletion_turnover_change,addition_volume_change,deletion_volume_change,addition_car_p0_p120,deletion_car_p0_p120,asymmetry_car_p0_p120
CN,announce,118,121,0.017619424194638394,-0.00586557131006213,0.023484995504700523,0.00027629986711866,-0.0007472756402458758,0.06028541096952985,-0.025053000632323193,0.015629484878666514,0.08534466006393245,-0.06971517518526593
CN,effective,118,121,0.004197615062544008,0.0031819291128131017,0.0010156859497309064,0.000967840125937708,0.0024830120467381053,0.08992107995451802,0.12378571612618355,-0.001820818256301179,0.09369297202460447,-0.09551379028090565
US,announce,318,293,0.018424856059897656,0.0005054931639046505,0.017919362895993007,0.028861114228256744,0.02500488286283717,1.4946898341223513,0.43953943781965576,0.019609251516672793,0.054277104986383023,-0.03466785346971023
US,effective,318,293,-0.0014269208194856843,-0.006500370121970318,0.0050734493024846335,-0.02401244114215883,-0.04318854315705464,-0.5663241842651392,-1.060571841040787,0.0040724897524518295,0.05651736353011216,-0.05244487377766033
