cn_coef,cn_se,cn_t,cn_p_value,gap_length_coef,gap_length_p_value,n_obs,r_squared
0.006111113589099461,0.00989025033185132,0.6178927109073025,0.5366460641588349,0.0006931751241707541,0.3181884479009437,436,0.009372863700574108
