market,event_phase,turnover_coef,turnover_t,turnover_p,volume_coef,volume_t,volume_p,turnover_sig,volume_sig,both_channels_sig
CN,announce,0.0015342317858582678,2.9101726643300987,0.0036122913387077508,14611403.948015448,1.9693127812834252,0.048917184364644185,True,True,True
CN,effective,0.0013801523229083797,2.567623414133032,0.010239833171360218,12699812.241009407,2.4347163401210272,0.014903467826035709,True,True,True
US,announce,0.029652131417707266,20.279238671438524,1.961436098314336e-91,8625321.95683904,8.605736392456867,7.582835092271297e-18,True,True,True
US,effective,0.0026466538433548535,1.9653515088149465,0.049373567754118775,523816.74331749283,0.71208982891345,0.4764091521989231,True,False,False
