limit_coef,limit_se,limit_t,limit_p_value,n_obs,r_squared
0.15489137456100996,0.05862470933497476,2.6420834545375516,0.008239775013213406,936,0.010981707013614561
