limit_coef,limit_se,limit_t,limit_p_value,n_obs,r_squared
0.07444185806636894,0.09372065937487012,0.7942950739240048,0.42702367113371553,1096,0.002601828105355697
