market,event_phase,inclusion,n_event_windows,avg_window_obs,avg_turnover,avg_volume
CN,announce,0,137,5617,0.015137113939825518,30247093.743813425
CN,announce,1,137,5617,0.02151587822681145,39244007.118212566
CN,effective,0,137,5617,0.015124315292860945,30806952.088303365
CN,effective,1,137,5617,0.021426285205625766,40666832.28289122
US,announce,0,293,12013,0.030571202435706202,5541655.7275138125
US,announce,1,318,13038,0.019566944688446126,9415205.772051536
US,effective,0,293,11998,0.030114368649380205,5509442.408908686
US,effective,1,318,13023,0.01944856196879084,9252491.407920597
