n_obs,bandwidth,bin_size,log_density_diff,std_error,z_stat,p_value
278,0.05570675787335436,0.01114135157467087,0.2231435513142096,0.5476033097935908,0.4074912392299446,0.6836472273058718
