outcome,bandwidth,n_obs,n_left,n_right,tau,std_error,t_stat,p_value,r_squared,intercept,running_slope,interaction_slope
car_m1_p1,0.060000000000002274,148,46,102,0.029583570362913526,0.017722478931462494,1.6692681919567236,0.09506424101402249,0.0205118301368562,-0.0008839520648723175,-0.43698056784588146,0.15486535613308283
car_m3_p3,0.060000000000002274,148,46,102,0.02692421717607216,0.02302128819718738,1.1695356465482944,0.24218788801290903,0.012836728362208172,-0.014187112831834084,-0.30101227876031483,0.188138344198896
turnover_change,0.060000000000002274,148,46,102,0.004090123407363801,0.0022021020713518646,1.857372308293087,0.06325820341349696,0.011976711560929054,-0.0009431567109115359,-0.06808038716805767,0.04713973255346998
volume_change,0.060000000000002274,148,46,102,0.16098090510054394,0.13650886160781633,1.1792707316176634,0.2382903888902217,0.015854403778990722,0.08189177076787557,-1.1864468265848302,-0.13558108658077073
