outcome,bandwidth,n_obs,n_left,n_right,tau,std_error,t_stat,p_value,r_squared,intercept,running_slope,interaction_slope,spec,spec_kind,donut_radius,cutoff_shift,polynomial_order
car_m1_p1,0.060000000000002274,118,42,76,0.0400848841333917,0.01999843969223858,2.004400580758743,0.04502716716410528,0.03908677127501303,-0.01581380177656914,-0.727792405616476,0.4985609928618931,main · 局部线性,main,,,
car_m1_p1,0.060000000000002274,100,34,66,0.05124525592036018,0.03058287418579642,1.6756193551016856,0.09381277515875541,0.035152893586150036,-0.02098880297855338,-0.8476345387150408,0.49618277241213105,donut(±0.01),donut,0.01,,
car_m1_p1,0.060000000000002274,72,30,42,-0.024432753796556628,0.021665734100709003,-1.1277140983539107,0.2594406816330439,0.07232957272528662,0.014149906774887698,-0.36120378541732356,0.757470818548911,placebo cutoff -0.05,placebo,,-0.05,
car_m1_p1,0.060000000000002274,128,52,76,-0.02134755703612086,0.015389251552419733,-1.3871731814510675,0.165388961104309,0.01778767723453334,0.02764299664794771,0.4034205425367096,-0.3646668176320577,placebo cutoff +0.05,placebo,,0.05,
car_m1_p1,0.060000000000002274,118,42,76,0.0024810075037019347,0.03675348092321184,0.06750401435133298,0.9461804663270599,0.0522337096663531,,,,polynomial order=2,polynomial,,,2.0
